"variant","oncogenic","hLevel","pmids"
"A246P","Likely Oncogenic",NULL,NULL
"A33T","Unknown",NULL,NULL
"A489_T491del","Unknown",NULL,NULL
"A727V","Likely Oncogenic",NULL,NULL
"A762V","Unknown",NULL,NULL
"Activating Mutations",NULL,"R1","19001320, 19884556, 20619739"
"AGK-BRAF fusion","Oncogenic",NULL,NULL
"AKAP9-BRAF Fusion","Oncogenic",NULL,NULL
"BRAF amplification",NULL,NULL,NULL
"BRAF V600E + MEK1 C121S",NULL,NULL,NULL
"BRAF V600E + MEK1 Q56P",NULL,NULL,NULL
"BRAF-AGK Fusion","Oncogenic","R1",23890088
"BRAF-CCDC6 fusion","Unknown",NULL,NULL
"BRAF-CDK5RAP2 fusion","Unknown",NULL,NULL
"BRAF-CUL1 Fusion","Unknown","3B",26324360
"BRAF-KIAA1549 Fusion","Oncogenic",NULL,NULL
"BRAF-LUC7L2 fusion","Unknown",NULL,NULL
"BRAF-NCRNA00244 fusion","Unknown",NULL,NULL
"BRAF-PJA2 fusion","Unknown",NULL,NULL
"BRAF-SCRIB fusion","Unknown",NULL,NULL
"BRAF-SND1 Fusion","Oncogenic",NULL,NULL
"BRAF-VIPR2 fusion","Unknown",NULL,NULL
"CUL1-BRAF Fusion",NULL,"3A",26324360
"D594A","Oncogenic",NULL,NULL
"D594E","Oncogenic",NULL,NULL
"D594G","Oncogenic",NULL,NULL
"D594N","Oncogenic",NULL,NULL
"D594V","Oncogenic",NULL,NULL
"D594Y","Oncogenic",NULL,NULL
"E501G","Unknown",NULL,NULL
"E501K","Unknown",NULL,NULL
"E549Q","Unknown",NULL,NULL
"E586K","Likely Oncogenic",NULL,NULL
"E715K","Unknown",NULL,NULL
"F109I","Unknown",NULL,NULL
"F247L","Unknown",NULL,NULL
"F294L","Unknown",NULL,NULL
"F468C","Likely Oncogenic",NULL,NULL
"F595I","Unknown",NULL,NULL
"F595L","Likely Oncogenic",NULL,NULL
"FAM131B-BRAF Fusion","Oncogenic",NULL,NULL
"G12A",NULL,NULL,NULL
"G12C",NULL,NULL,NULL
"G12D",NULL,NULL,NULL
"G12R",NULL,NULL,NULL
"G12S",NULL,NULL,NULL
"G12V",NULL,NULL,NULL
"G13D",NULL,NULL,NULL
"G13R",NULL,NULL,NULL
"G13V",NULL,NULL,NULL
"G189C","Unknown",NULL,NULL
"G464E","Likely Oncogenic",NULL,NULL
"G464V","Oncogenic",NULL,NULL
"G466A","Oncogenic",NULL,NULL
"G466E","Oncogenic",NULL,NULL
"G466V","Oncogenic",NULL,NULL
"G469A","Oncogenic",NULL,NULL
"G469del","Unknown",NULL,NULL
"G469E","Oncogenic",NULL,NULL
"G469L",NULL,NULL,NULL
"G469R","Oncogenic",NULL,NULL
"G469V","Likely Oncogenic",NULL,NULL
"G596C","Unknown",NULL,NULL
"G596R","Likely Oncogenic",NULL,NULL
"G596V","Likely Oncogenic",NULL,NULL
"G606W","Unknown",NULL,NULL
"G69S","Unknown",NULL,NULL
"G8V","Unknown",NULL,NULL
"H539Y","Unknown",NULL,NULL
"H574Y","Unknown",NULL,NULL
"H725Y","Unknown",NULL,NULL
"I463S","Likely Oncogenic",NULL,NULL
"I572F","Unknown",NULL,NULL
"insT","Oncogenic",NULL,NULL
"insTT","Oncogenic",NULL,NULL
"K205N","Unknown",NULL,NULL
"K472C",NULL,NULL,NULL
"K483M","Unknown",NULL,NULL
"K499E","Likely Oncogenic",NULL,NULL
"K601E","Oncogenic","3A","22663011, 24933606"
"K601N","Oncogenic",NULL,NULL
"K601T","Oncogenic",NULL,NULL
"KIAA1549-BRAF Fusion","Oncogenic","3A",15466206
"KS601NT","Unknown",NULL,NULL
"KSRW601del",NULL,NULL,NULL
"L312P","Unknown",NULL,NULL
"L331F","Unknown",NULL,NULL
"L382F","Unknown",NULL,NULL
"L485F","Oncogenic",NULL,NULL
"L485W","Unknown",NULL,NULL
"L505H","Likely Oncogenic",NULL,NULL
"L525P","Unknown",NULL,NULL
"L553R","Unknown",NULL,NULL
"L577I","Unknown",NULL,NULL
"L579Q",NULL,"3A","21310613, 22663011"
"L579R",NULL,"3A","21310613, 22663011"
"L579S",NULL,"3A","21310613, 22663011"
"L579V",NULL,"3A","21310613, 22663011"
"L584F","Oncogenic",NULL,NULL
"L597Q","Oncogenic",NULL,NULL
"L597R","Oncogenic",NULL,NULL
"L597S","Oncogenic",NULL,NULL
"L597V","Oncogenic","3A",22798288
"L674Q","Unknown",NULL,NULL
"M620I","Unknown",NULL,NULL
"MKRN1-BRAF",NULL,NULL,NULL
"MKRN1-BRAF Fusion","Likely Oncogenic",NULL,NULL
"N486_P490del","Unknown",NULL,NULL
"N581D","Not oncogenic",NULL,NULL
"N581I","Unknown",NULL,NULL
"N581S","Likely Oncogenic",NULL,NULL
"N581Y","Unknown",NULL,NULL
"NF1 inactivating mutations",NULL,NULL,NULL
"P124L",NULL,NULL,NULL
"P124S",NULL,NULL,NULL
"P162S","Unknown",NULL,NULL
"P321L","Unknown",NULL,NULL
"P343L","Unknown",NULL,NULL
"P345L","Unknown",NULL,NULL
"P367L","Unknown",NULL,NULL
"P367S","Unknown",NULL,NULL
"p61BRAF","Oncogenic",NULL,NULL
"P708S","Unknown",NULL,NULL
"PAPSS1-BRAF fusion","Oncogenic",NULL,NULL
"Q201H","Unknown",NULL,NULL
"Q257H","Unknown",NULL,NULL
"Q257R","Likely Oncogenic",NULL,NULL
"Q302R","Unknown",NULL,NULL
"Q61K",NULL,NULL,NULL
"Q61L",NULL,NULL,NULL
"Q61R",NULL,NULL,NULL
"R239Q","Unknown",NULL,NULL
"R252Q","Unknown",NULL,NULL
"R271H","Unknown",NULL,NULL
"R354Q","Unknown",NULL,NULL
"R362L","Unknown",NULL,NULL
"R462I","Likely Oncogenic",NULL,NULL
"R509Q","Unknown",NULL,NULL
"R558Q","Unknown",NULL,NULL
"R671Q","Unknown",NULL,NULL
"R682W","Unknown",NULL,NULL
"S125F","Unknown",NULL,NULL
"S136P","Unknown",NULL,NULL
"S151A","Likely Oncogenic",NULL,NULL
"S363F","Unknown",NULL,NULL
"S467A","Likely Oncogenic",NULL,NULL
"S614P","Unknown",NULL,NULL
"SND1-BRAF Fusion",NULL,NULL,NULL
"T121I","Unknown",NULL,NULL
"T233P","Unknown",NULL,NULL
"T310I","Unknown",NULL,NULL
"T332I","Unknown",NULL,NULL
"T529I","Likely Oncogenic",NULL,NULL
"T529M","Likely Oncogenic",NULL,NULL
"T529N","Likely Oncogenic",NULL,NULL
"T599dup","Unknown",NULL,NULL
"T599I","Likely Oncogenic",NULL,NULL
"TRIM24-BRAF Fusion","Oncogenic",NULL,NULL
"V168L","Unknown",NULL,NULL
"V458L",NULL,NULL,NULL
"V459L","Unknown",NULL,NULL
"V600 wildtype","Unknown",1,"25341541, 26027431"
"V600D","Oncogenic","3A",26287849
"V600E","Oncogenic",1,"19001320, 19884556, 20619739, 20818844, 22281684, 22446022, 22448344, 22663011, 22735384, 23846731, 24508103, 24863690, 25089220, 25265492, 25265494, 25287827, 25399551, 25583765, 26287849"
"V600K","Oncogenic",1,"21639808, 22663011, 23846731, 25089220, 25265492, 25265494, 25287827, 25399551, 26287849"
"V600M","Oncogenic","3A",26287849
"V600R","Oncogenic","3A",26287849
"V600_K601delinsE","Oncogenic",NULL,NULL
"W604G","Unknown",NULL,NULL
"Y472C","Oncogenic",NULL,NULL
"Y472S","Unknown",NULL,NULL
"Y633C","Unknown",NULL,NULL
